username,repo_name,stars,repo_url
bregman-arie,devops-exercises,65400,/bregman-arie/devops-exercises
ByteByteGoHq,system-design-101,61800,/ByteByteGoHq/system-design-101
localstack,localstack,53400,/localstack/localstack
serverless,serverless,46300,/serverless/serverless
donnemartin,data-science-ipython-notebooks,27000,/donnemartin/data-science-ipython-notebooks
sst,sst,21200,/sst/sst
pulumi,pulumi,20700,/pulumi/pulumi
getsops,sops,16100,/getsops/sops
kubernetes-sigs,kubespray,15800,/kubernetes-sigs/kubespray
aws,aws-cli,15200,/aws/aws-cli
ramitsurana,awesome-kubernetes,14900,/ramitsurana/awesome-kubernetes
caprover,caprover,12800,/caprover/caprover
donnemartin,awesome-aws,12300,/donnemartin/awesome-aws
GoogleCloudPlatform,terraformer,12300,/GoogleCloudPlatform/terraformer
aws,aws-cdk,11500,/aws/aws-cdk
phidatahq,phidata,11000,/phidatahq/phidata
milanm,DevOps-Roadmap,10900,/milanm/DevOps-Roadmap
apereo,cas,10800,/apereo/cas
infracost,infracost,10800,/infracost/infracost
aws,chalice,10600,/aws/chalice
